use TV
set dateformat dmy

insert COUNTRY(country_id, [name]) values (1, 'Россия')
insert COUNTRY(country_id, [name]) values (2, 'Белоруссия')
insert COUNTRY(country_id, [name]) values (3, 'Украина')
insert COUNTRY(country_id, [name]) values (4, 'Казахстан')
insert COUNTRY(country_id, [name]) values (5, 'Польша')
insert COUNTRY(country_id, [name]) values (6, 'Сирия')

insert EMPLOYEE(employee_id, first_name, last_name, country_id) values (1, 'Акборисов', 'Арсений', 1)
insert EMPLOYEE(employee_id, first_name, last_name, country_id) values (2, 'Абашев', 'Руслан', 1)
insert EMPLOYEE(employee_id, first_name, last_name, country_id) values (3, 'Корнеев', 'Захар', 1)
insert EMPLOYEE(employee_id, first_name, last_name, country_id) values (4, 'Сабитов', 'Тимур', 1)
insert EMPLOYEE(employee_id, first_name, last_name, country_id) values (5, 'Андрей', 'Петухов', 1)
insert EMPLOYEE(employee_id, first_name, last_name, country_id) values (6, 'Никита', 'Фадеев', 1)
insert EMPLOYEE(employee_id, first_name, last_name, country_id) values (7, 'Павел', 'Шульмин', 1)
insert EMPLOYEE(employee_id, first_name, last_name, country_id) values (8, 'Кирилл', 'Шульмин', 1)
insert EMPLOYEE(employee_id, first_name, last_name, country_id) values (9, 'Константин', 'Кобылин', 1)
insert EMPLOYEE(employee_id, first_name, last_name, country_id) values (10, 'Денис', 'Трифонов', 1)
insert EMPLOYEE(employee_id, first_name, last_name, country_id) values (11, 'Максим', 'Мельников', 1)
insert EMPLOYEE(employee_id, first_name, last_name, country_id) values (12, 'Веприков', 'Андрей', 1)
insert EMPLOYEE(employee_id, first_name, last_name, country_id) values (13, 'Данил', 'Трефилов', 1)
insert EMPLOYEE(employee_id, first_name, last_name, country_id) values (14, 'Георгий', 'Ситников', 1)
insert EMPLOYEE(employee_id, first_name, last_name, country_id) values (15, 'Александр', 'Чекрыгин', 1)
insert EMPLOYEE(employee_id, first_name, last_name, country_id) values (16, 'Кулишов', 'Данил', 1)
insert EMPLOYEE(employee_id, first_name, last_name, country_id) values (17, 'Варвара', 'Шемякина', 1)
insert EMPLOYEE(employee_id, first_name, last_name, country_id) values (18, 'Мария', 'Пересыпкина', 1)
insert EMPLOYEE(employee_id, first_name, last_name, country_id) values (19, 'Григорьев', 'Илья', 1)
insert EMPLOYEE(employee_id, first_name, last_name, country_id) values (20, 'Данилов', 'Илья', 1)
insert EMPLOYEE(employee_id, first_name, last_name, country_id) values (21, 'Шляпочник', 'Никита', 2)
insert EMPLOYEE(employee_id, first_name, last_name, country_id) values (22, 'Тихановский', 'Дмитрий', 2)
insert EMPLOYEE(employee_id, first_name, last_name, country_id) values (23, 'Артемий', 'Захаров', 2)
insert EMPLOYEE(employee_id, first_name, last_name, country_id) values (24, 'Илья', 'Иванов', 2)
insert EMPLOYEE(employee_id, first_name, last_name, country_id) values (25, 'Богданов', 'Александр', 2)
insert EMPLOYEE(employee_id, first_name, last_name, country_id) values (26, 'Пасхина', 'Софья', 3)
insert EMPLOYEE(employee_id, first_name, last_name, country_id) values (27, 'Минашкин', 'Владислав', 3)
insert EMPLOYEE(employee_id, first_name, last_name, country_id) values (28, 'Зорин', 'Кирилл', 3)
insert EMPLOYEE(employee_id, first_name, last_name, country_id) values (29, 'Всеволод', 'Мамаев', 3)
insert EMPLOYEE(employee_id, first_name, last_name, country_id) values (30, 'Лера', 'Нинашкина', 3)
insert EMPLOYEE(employee_id, first_name, last_name, country_id) values (31, 'Зарубей', 'Анна', 1)
insert EMPLOYEE(employee_id, first_name, last_name, country_id) values (32, 'Сунагатов', 'Тимур', 1)
insert EMPLOYEE(employee_id, first_name, last_name, country_id) values (33, 'Закурдаев', 'Григорий', 1)
insert EMPLOYEE(employee_id, first_name, last_name, country_id) values (34, 'Поздеев', 'Дима', 1)
insert EMPLOYEE(employee_id, first_name, last_name, country_id) values (35, 'Поздеев', 'Влад', 1)
insert EMPLOYEE(employee_id, first_name, last_name, country_id) values (36, 'Вахитов', 'Наиль', 2)
insert EMPLOYEE(employee_id, first_name, last_name, country_id) values (37, 'Дмитрий', 'Непомнящий', 2)
insert EMPLOYEE(employee_id, first_name, last_name, country_id) values (38, 'Трухин', 'Артем', 2)
insert EMPLOYEE(employee_id, first_name, last_name, country_id) values (39, 'Потапов', 'Даниил', 2)
insert EMPLOYEE(employee_id, first_name, last_name, country_id) values (40, 'Даниленко', 'Артемий', 2)
insert EMPLOYEE(employee_id, first_name, last_name, country_id) values (41, 'Игнашин', 'Игорь', 3)
insert EMPLOYEE(employee_id, first_name, last_name, country_id) values (42, 'Веретенникова', 'Анастасия', 3)
insert EMPLOYEE(employee_id, first_name, last_name, country_id) values (43, 'Бессоницын', 'Евгений', 3)
insert EMPLOYEE(employee_id, first_name, last_name, country_id) values (44, 'Черных', 'Андрей', 3)
insert EMPLOYEE(employee_id, first_name, last_name, country_id) values (45, 'Пичкалева', 'Арина', 3)
insert EMPLOYEE(employee_id, first_name, last_name, country_id) values (46, 'Соловьева', 'Ирина', 1)
insert EMPLOYEE(employee_id, first_name, last_name, country_id) values (47, 'Столярова', 'Лия', 1)
insert EMPLOYEE(employee_id, first_name, last_name, country_id) values (48, 'Зинатульевна', 'Валентина', 1)
insert EMPLOYEE(employee_id, first_name, last_name, country_id) values (49, 'Статкевич', 'Екатерина', 1)
insert EMPLOYEE(employee_id, first_name, last_name, country_id) values (50, 'Лебедева', 'Мария', 1)

insert CHANNEL(channel_id, [name], descriprion) values (1, 'ТНТ', 'Развлекательные')
insert CHANNEL(channel_id, [name], descriprion) values (2, 'СТС', 'Развлекательные')
insert CHANNEL(channel_id, [name], descriprion) values (3, '1 КАНАЛ', 'Кино, сериалы, новости')
insert CHANNEL(channel_id, [name], descriprion) values (4, 'ТВ3', 'Мистика')
insert CHANNEL(channel_id, [name], descriprion) values (5, 'Disney', 'Детский')
insert CHANNEL(channel_id, [name], descriprion) values (6, 'МАТЧ ТВ', 'Спортивный')
insert CHANNEL(channel_id, [name], descriprion) values (7, 'НТВ', 'Кино, сериалы, новости') 
insert CHANNEL(channel_id, [name], descriprion) values (8, 'Россия Культура', 'Познавательные передачи')
insert CHANNEL(channel_id, [name], descriprion) values (9, 'Russia Today', 'Новости')
insert CHANNEL(channel_id, [name], descriprion) values (10, 'Discovery', 'Познавательные передачи')

insert CITY(city_id, [name],country_id) values (1, 'Москва',1)
insert CITY(city_id, [name],country_id) values (2, 'Санкт-Петербург',1)
insert CITY(city_id, [name],country_id) values (3, 'Ижевск',1)
insert CITY(city_id, [name],country_id) values (4, 'Екатеринбург',1)
insert CITY(city_id, [name],country_id) values (5, 'Омск',1)
insert CITY(city_id, [name],country_id) values (6, 'Минск',2)
insert CITY(city_id, [name],country_id) values (7, 'Гродно',2)
insert CITY(city_id, [name],country_id) values (8, 'Бобруйск',2)
insert CITY(city_id, [name],country_id) values (9, 'Киев',3)
insert CITY(city_id, [name],country_id) values (10, 'Харьков',3)
insert CITY(city_id, [name],country_id) values (11, 'Донецк',3) 
insert CITY(city_id, [name],country_id) values (12, 'Нур-Султан',4)
insert CITY(city_id, [name],country_id) values (13, 'Алматы',4)
insert CITY(city_id, [name],country_id) values (14, 'Варшава',5) 
insert CITY(city_id, [name],country_id) values (15, 'Дамаск',6)

insert DEPARTMENT(department_id, [name], city_id) values (1, 'Главный офис ТНТ', 2)
insert DEPARTMENT(department_id, [name], city_id) values (2, 'Главный офис СТС', 1)
insert DEPARTMENT(department_id, [name], city_id) values (3, 'Главный офис 1 канала', 1)
insert DEPARTMENT(department_id, [name], city_id) values (4, 'Главный офис ТВ3 ', 2)
insert DEPARTMENT(department_id, [name], city_id) values (5, 'Главный офис Disney', 1)
insert DEPARTMENT(department_id, [name], city_id) values (6, 'Главный офис МАТЧ ТВ', 2)
insert DEPARTMENT(department_id, [name], city_id) values (7, 'Главный офис Россия Культура', 1)
insert DEPARTMENT(department_id, [name], city_id) values (8, 'Главный офис Russia Today', 1)
insert DEPARTMENT(department_id, [name], city_id) values (9, 'Главный офис Discovery', 1)
insert DEPARTMENT(department_id, [name], city_id) values (10, 'Главный офис НТВ', 2)

insert QUALITY(quality_id, quality, [description]) values (1, 360, 'low')
insert QUALITY(quality_id, quality, [description]) values (2, 480, 'medium')
insert QUALITY(quality_id, quality, [description]) values (3, 720, 'hight')
insert QUALITY(quality_id, quality, [description]) values (4, 1080, 'HD')

insert TYPE([type_id], [name]) values (1, 'Событийный')
insert TYPE([type_id], [name]) values (2, 'Аналитический')
insert TYPE([type_id], [name]) values (3, 'Позновательно-тематический')
insert TYPE([type_id], [name]) values (4, 'Репортаж-комментарий')

insert DANGER(danger_id, [level], [description]) values(1, 1, 'Безопасно')
insert DANGER(danger_id, [level], [description]) values(2, 2, 'Риск получения небольших травм')
insert DANGER(danger_id, [level], [description]) values(3, 3, 'Риск получения серьезных травм')
insert DANGER(danger_id, [level], [description]) values(4, 4, 'Военные действия')

insert EVENT(event_id, [start_date], end_date, danger_id, [description], city_id) values(1, '19.09.2020', '23.09.2020', 3, 'Митинги в Белорусии', 6)
insert EVENT(event_id, [start_date], end_date, danger_id, [description], city_id) values(2, '15.03.2011', '01.09.2019', 4, 'Война в Сирии', 15)
insert EVENT(event_id, [start_date], end_date, danger_id, [description], city_id) values(3, '01.09.2020', '01.09.2020', 1, 'День Знаний в Москве', 1)
insert EVENT(event_id, [start_date], end_date, danger_id, [description], city_id) values(4, '17.06.2020', '18.06.2020', 1, 'Выствака оружия в Ижевске', 3)
insert EVENT(event_id, [start_date], end_date, danger_id, [description], city_id) values(5, '15.09.2020', '16.09.2020', 1, 'Выход фильма "Довод"', 1)
insert EVENT(event_id, [start_date], end_date, danger_id, [description], city_id) values(6, '23.03.2019', '24.03.2019', 1, 'Выствака собак', 4)
insert EVENT(event_id, [start_date], end_date, danger_id, [description], city_id) values(7, '14.05.2019', '16.05.2019', 2, 'Смерть гадалки Матрёны', 7)
insert EVENT(event_id, [start_date], end_date, danger_id, [description], city_id) values(8, '17.08.2019', '17.08.2019', 1, 'Выход фильма "Маллифисента: Владытчица тьмы"', 1)
insert EVENT(event_id, [start_date], end_date, danger_id, [description], city_id) values(9, '14.05.2019', '14.05.2019', 1, 'Матч Зенит - Динамо', 2)
insert EVENT(event_id, [start_date], end_date, danger_id, [description], city_id) values(10, '01.07.2019', '03.07.2019', 1, 'Выставка в музее Варшавы', 14)
insert EVENT(event_id, [start_date], end_date, danger_id, [description], city_id) values(11, '08.03.2020', '09.03.2020', 2, 'Парад военной техники', 1)
insert EVENT(event_id, [start_date], end_date, danger_id, [description], city_id) values(12, '14.11.2019', '16.11.2019', 1, 'Открытие нового музея в Нур - Султане', 12)
insert EVENT(event_id, [start_date], end_date, danger_id, [description], city_id) values(13, '27.08.2020', '28.08.2020', 1, 'Экстренная посадка Навального в Омске', 5)
insert EVENT(event_id, [start_date], end_date, danger_id, [description], city_id) values(14, '31.12.2019', '01.01.2020', 1, 'Новый год Москве', 1)
insert EVENT(event_id, [start_date], end_date, danger_id, [description], city_id) values(15, '10.08.2019', '15.08.2020', 3, 'Митинги в Москве', 1)

insert REPORT(report_id, quality_id, [date], [type_id], event_id, duration, [name]) values(1, 3, '20.09.2020', 1, 1, '01:15:00', 'Митинги в Минске')
insert REPORT(report_id, quality_id, [date], [type_id], event_id, duration, [name]) values(2, 3, '21.09.2020', 2, 1, '00:45:00', 'Останется ли Лукашенко у валсти?')
insert REPORT(report_id, quality_id, [date], [type_id], event_id, duration, [name]) values(3, 3, '22.09.2020', 1, 1, '00:50:00', 'Второй Майдан')
insert REPORT(report_id, quality_id, [date], [type_id], event_id, duration, [name]) values(4, 2, '15.08.2019', 1, 2, '01:00:00', 'Сирия. Сегодня')
insert REPORT(report_id, quality_id, [date], [type_id], event_id, duration, [name]) values(5, 3, '31.08.2020', 3, 3, '00:30:00', 'Снова в школу!')
insert REPORT(report_id, quality_id, [date], [type_id], event_id, duration, [name]) values(6, 2, '17.06.2020', 3, 4, '00:35:00', 'Оружейная выставка')
insert REPORT(report_id, quality_id, [date], [type_id], event_id, duration, [name]) values(7, 3, '15.09.2020', 4, 5, '00:20:00', 'Нолан - гений?')
insert REPORT(report_id, quality_id, [date], [type_id], event_id, duration, [name]) values(8, 2, '23.03.2019', 3, 6, '00:30:00', 'Выстовка собак в Екатеринбурге')
insert REPORT(report_id, quality_id, [date], [type_id], event_id, duration, [name]) values(9, 1, '15.05.2019', 2, 7, '01:30:00', 'Смерть великой')
insert REPORT(report_id, quality_id, [date], [type_id], event_id, duration, [name]) values(10, 3, '17.08.2019', 4, 8, '00:20:00', 'Новый фильм от Disney')
insert REPORT(report_id, quality_id, [date], [type_id], event_id, duration, [name]) values(11, 3, '14.05.2019', 2, 9, '00:40:00', 'Обзор матча Зенит - Динамо')
insert REPORT(report_id, quality_id, [date], [type_id], event_id, duration, [name]) values(12, 2, '02.07.2019', 3, 10, '01:00:00', 'Варишавский музей')
insert REPORT(report_id, quality_id, [date], [type_id], event_id, duration, [name]) values(13, 4, '09.03.2020', 1, 11, '00:50:00', 'Московский парад')
insert REPORT(report_id, quality_id, [date], [type_id], event_id, duration, [name]) values(14, 4, '15.11.2019', 3, 12, '00:30:00', 'Нур - Султанский музей')
insert REPORT(report_id, quality_id, [date], [type_id], event_id, duration, [name]) values(15, 3, '27.08.2020', 1, 13, '00:45:00', 'Кома Навального')
insert REPORT(report_id, quality_id, [date], [type_id], event_id, duration, [name]) values(16, 3, '27.08.2020', 1, 13, '01:00:00', 'Утро начинается не с чая')
insert REPORT(report_id, quality_id, [date], [type_id], event_id, duration, [name]) values(17, 3, '28.08.2020', 2, 13, '00:30:00', 'Кто виновен в отравлении Навального?')
insert REPORT(report_id, quality_id, [date], [type_id], event_id, duration, [name]) values(18, 3, '31.12.2019', 3, 14, '00:40:00', 'С новым годом!')
insert REPORT(report_id, quality_id, [date], [type_id], event_id, duration, [name]) values(19, 3, '12.08.2019', 1, 15, '01:00:00', 'Митинг на проспекте Сахарова')
insert REPORT(report_id, quality_id, [date], [type_id], event_id, duration, [name]) values(20, 3, '14.08.2019', 1, 15, '00:20:00', 'Произвол на улицах Москвы')

insert BROADCAST(channel_id, broadcast_time, report_id) values(1, '16.09.2020 19:00', 7)
insert BROADCAST(channel_id, broadcast_time, report_id) values(1, '17.09.2020 14:00', 7)
insert BROADCAST(channel_id, broadcast_time, report_id) values(1, '31.12.2019 22:00', 18)
insert BROADCAST(channel_id, broadcast_time, report_id) values(1, '01.01.2020 10:00', 18)
insert BROADCAST(channel_id, broadcast_time, report_id) values(2, '01.09.2020 12:00', 5)
insert BROADCAST(channel_id, broadcast_time, report_id) values(2, '01.09.2020 16:00', 5)
insert BROADCAST(channel_id, broadcast_time, report_id) values(3, '20.09.2020 18:00', 1)
insert BROADCAST(channel_id, broadcast_time, report_id) values(3, '21.09.2020 12:00', 1)
insert BROADCAST(channel_id, broadcast_time, report_id) values(3, '28.08.2020 18:00', 15)
insert BROADCAST(channel_id, broadcast_time, report_id) values(3, '29.08.2020 12:00', 15)
insert BROADCAST(channel_id, broadcast_time, report_id) values(3, '15.08.2019 18:00', 4)
insert BROADCAST(channel_id, broadcast_time, report_id) values(3, '16.08.2019 12:00', 4)
insert BROADCAST(channel_id, broadcast_time, report_id) values(4, '16.05.2019 15:00', 9)
insert BROADCAST(channel_id, broadcast_time, report_id) values(4, '16.05.2019 20:00', 9)
insert BROADCAST(channel_id, broadcast_time, report_id) values(5, '17.08.2019 11:00', 10)
insert BROADCAST(channel_id, broadcast_time, report_id) values(5, '17.08.2019 17:00', 10)
insert BROADCAST(channel_id, broadcast_time, report_id) values(6, '14.05.2019 18:00', 11)
insert BROADCAST(channel_id, broadcast_time, report_id) values(6, '15.05.2019 10:00', 11)
insert BROADCAST(channel_id, broadcast_time, report_id) values(7, '21.09.2020 18:00', 3)
insert BROADCAST(channel_id, broadcast_time, report_id) values(7, '22.09.2020 12:00', 3)
insert BROADCAST(channel_id, broadcast_time, report_id) values(7, '27.08.2020 18:00', 16)
insert BROADCAST(channel_id, broadcast_time, report_id) values(7, '28.08.2020 12:00', 16)
insert BROADCAST(channel_id, broadcast_time, report_id) values(7, '14.08.2019 18:00', 20)
insert BROADCAST(channel_id, broadcast_time, report_id) values(7, '15.08.2019 12:00', 20)
insert BROADCAST(channel_id, broadcast_time, report_id) values(8, '17.06.2020 15:00', 6)
insert BROADCAST(channel_id, broadcast_time, report_id) values(8, '17.06.2020 21:00', 6)
insert BROADCAST(channel_id, broadcast_time, report_id) values(8, '23.03.2019 14:00', 8)
insert BROADCAST(channel_id, broadcast_time, report_id) values(8, '23.03.2019 18:00', 8)
insert BROADCAST(channel_id, broadcast_time, report_id) values(8, '09.03.2020 17:00', 13)
insert BROADCAST(channel_id, broadcast_time, report_id) values(8, '10.03.2020 10:00', 13)
insert BROADCAST(channel_id, broadcast_time, report_id) values(9, '21.09.2020 18:00', 2)
insert BROADCAST(channel_id, broadcast_time, report_id) values(9, '22.09.2020 11:00', 2)
insert BROADCAST(channel_id, broadcast_time, report_id) values(9, '28.08.2020 18:00', 17)
insert BROADCAST(channel_id, broadcast_time, report_id) values(9, '29.08.2020 11:00', 17)
insert BROADCAST(channel_id, broadcast_time, report_id) values(9, '12.08.2019 18:00', 19)
insert BROADCAST(channel_id, broadcast_time, report_id) values(9, '13.08.2019 11:00', 19)
insert BROADCAST(channel_id, broadcast_time, report_id) values(10, '02.07.2019 13:00', 12)
insert BROADCAST(channel_id, broadcast_time, report_id) values(10, '02.07.2019 22:00', 12)
insert BROADCAST(channel_id, broadcast_time, report_id) values(10, '15.11.2019 13:00', 14)
insert BROADCAST(channel_id, broadcast_time, report_id) values(10, '15.11.2019 22:00', 14)

insert JOB(job_id, [function]) values(1, 'Репортёр')
insert JOB(job_id, [function]) values(2, 'Оператор')
insert JOB(job_id, [function]) values(3, 'Режиссёр')
insert JOB(job_id, [function]) values(4, 'Звукорежиссёр')
insert JOB(job_id, [function]) values(5, 'Сценарист')

insert CONTRACT(contract_id, employee_id, job_id, hire_date, department_id) values(1, 1, 1, '03.05.2018', 1)
insert CONTRACT(contract_id, employee_id, job_id, hire_date, department_id) values(2, 2, 2, '13.06.2018', 1)
insert CONTRACT(contract_id, employee_id, job_id, hire_date, department_id) values(3, 3, 3, '01.12.2017', 1)
insert CONTRACT(contract_id, employee_id, job_id, hire_date, department_id) values(4, 4, 4, '20.03.2018', 1)
insert CONTRACT(contract_id, employee_id, job_id, hire_date, department_id) values(5, 5, 5, '15.07.2018', 1)
insert CONTRACT(contract_id, employee_id, job_id, hire_date, department_id) values(6, 6, 1, '03.05.2018', 2)
insert CONTRACT(contract_id, employee_id, job_id, hire_date, department_id) values(7, 7, 2, '13.06.2018', 2)
insert CONTRACT(contract_id, employee_id, job_id, hire_date, department_id) values(8, 8, 3, '01.12.2017', 2)
insert CONTRACT(contract_id, employee_id, job_id, hire_date, department_id) values(9, 9, 4, '20.03.2018', 2)
insert CONTRACT(contract_id, employee_id, job_id, hire_date, department_id) values(10, 10, 5, '15.07.2018', 2)
insert CONTRACT(contract_id, employee_id, job_id, hire_date, department_id) values(11, 11, 1, '24.09.2017', 3)
insert CONTRACT(contract_id, employee_id, job_id, hire_date, department_id) values(12, 12, 2, '18.04.2018', 3)
insert CONTRACT(contract_id, employee_id, job_id, hire_date, department_id) values(13, 13, 3, '10.11.2017', 3)
insert CONTRACT(contract_id, employee_id, job_id, hire_date, department_id) values(14, 14, 4, '19.03.2018', 3)
insert CONTRACT(contract_id, employee_id, job_id, hire_date, department_id) values(15, 15, 5, '10.07.2017', 3)
insert CONTRACT(contract_id, employee_id, job_id, hire_date, department_id) values(16, 16, 1, '08.09.2018', 4)
insert CONTRACT(contract_id, employee_id, job_id, hire_date, department_id) values(17, 17, 2, '13.04.2017', 4)
insert CONTRACT(contract_id, employee_id, job_id, hire_date, department_id) values(18, 18, 3, '26.11.2018', 4)
insert CONTRACT(contract_id, employee_id, job_id, hire_date, department_id) values(19, 19, 4, '08.03.2018', 4)
insert CONTRACT(contract_id, employee_id, job_id, hire_date, department_id) values(20, 20, 5, '11.02.2018', 4)
insert CONTRACT(contract_id, employee_id, job_id, hire_date, department_id) values(21, 21, 1, '16.01.2018', 5)
insert CONTRACT(contract_id, employee_id, job_id, hire_date, department_id) values(22, 22, 2, '06.04.2018', 5)
insert CONTRACT(contract_id, employee_id, job_id, hire_date, department_id) values(23, 23, 3, '19.12.2017', 5)
insert CONTRACT(contract_id, employee_id, job_id, hire_date, department_id) values(24, 24, 4, '27.08.2018', 5)
insert CONTRACT(contract_id, employee_id, job_id, hire_date, department_id) values(25, 25, 5, '01.05.2018', 5)
insert CONTRACT(contract_id, employee_id, job_id, hire_date, department_id) values(26, 26, 1, '24.09.2017', 6)
insert CONTRACT(contract_id, employee_id, job_id, hire_date, department_id) values(27, 27, 2, '18.04.2018', 6)
insert CONTRACT(contract_id, employee_id, job_id, hire_date, department_id) values(28, 28, 3, '10.11.2017', 6)
insert CONTRACT(contract_id, employee_id, job_id, hire_date, department_id) values(29, 29, 4, '19.03.2018', 6)
insert CONTRACT(contract_id, employee_id, job_id, hire_date, department_id) values(30, 30, 5, '15.07.2017', 6)
insert CONTRACT(contract_id, employee_id, job_id, hire_date, department_id) values(31, 31, 1, '13.03.2018', 7)
insert CONTRACT(contract_id, employee_id, job_id, hire_date, department_id) values(32, 32, 2, '02.03.2017', 7)
insert CONTRACT(contract_id, employee_id, job_id, hire_date, department_id) values(33, 33, 3, '14.10.2018', 7)
insert CONTRACT(contract_id, employee_id, job_id, hire_date, department_id) values(34, 34, 4, '12.08.2018', 7)
insert CONTRACT(contract_id, employee_id, job_id, hire_date, department_id) values(35, 35, 5, '28.07.2017', 7)
insert CONTRACT(contract_id, employee_id, job_id, hire_date, department_id) values(36, 36, 1, '17.11.2018', 8)
insert CONTRACT(contract_id, employee_id, job_id, hire_date, department_id) values(37, 37, 2, '03.04.2016', 8)
insert CONTRACT(contract_id, employee_id, job_id, hire_date, department_id) values(38, 38, 3, '16.05.2018', 8)
insert CONTRACT(contract_id, employee_id, job_id, hire_date, department_id) values(39, 39, 4, '13.12.2017', 8)
insert CONTRACT(contract_id, employee_id, job_id, hire_date, department_id) values(40, 40, 5, '14.07.2018', 8)
insert CONTRACT(contract_id, employee_id, job_id, hire_date, department_id) values(41, 41, 1, '22.09.2018', 9)
insert CONTRACT(contract_id, employee_id, job_id, hire_date, department_id) values(42, 42, 2, '08.09.2017', 9)
insert CONTRACT(contract_id, employee_id, job_id, hire_date, department_id) values(43, 43, 3, '01.11.2017', 9)
insert CONTRACT(contract_id, employee_id, job_id, hire_date, department_id) values(44, 44, 4, '20.12.2017', 9)
insert CONTRACT(contract_id, employee_id, job_id, hire_date, department_id) values(45, 45, 5, '05.02.2016', 9)
insert CONTRACT(contract_id, employee_id, job_id, hire_date, department_id) values(46, 46, 1, '12.11.2017', 10)
insert CONTRACT(contract_id, employee_id, job_id, hire_date, department_id) values(47, 47, 2, '03.03.2018', 10)
insert CONTRACT(contract_id, employee_id, job_id, hire_date, department_id) values(48, 48, 3, '01.10.2018', 10)
insert CONTRACT(contract_id, employee_id, job_id, hire_date, department_id) values(49, 49, 4, '21.12.2018', 10)
insert CONTRACT(contract_id, employee_id, job_id, hire_date, department_id) values(50, 50, 5, '17.09.2016', 10)

insert REPORT_MAKERS(contract_id, report_id) values(16, 1)
insert REPORT_MAKERS(contract_id, report_id) values(17, 1)
insert REPORT_MAKERS(contract_id, report_id) values(18, 1)
insert REPORT_MAKERS(contract_id, report_id) values(19, 1)
insert REPORT_MAKERS(contract_id, report_id) values(20, 1)
insert REPORT_MAKERS(contract_id, report_id) values(36, 2)
insert REPORT_MAKERS(contract_id, report_id) values(37, 2)
insert REPORT_MAKERS(contract_id, report_id) values(38, 2)
insert REPORT_MAKERS(contract_id, report_id) values(39, 2)
insert REPORT_MAKERS(contract_id, report_id) values(40, 2)
insert REPORT_MAKERS(contract_id, report_id) values(46, 3)
insert REPORT_MAKERS(contract_id, report_id) values(47, 3)
insert REPORT_MAKERS(contract_id, report_id) values(48, 3)
insert REPORT_MAKERS(contract_id, report_id) values(49, 3)
insert REPORT_MAKERS(contract_id, report_id) values(50, 3)
insert REPORT_MAKERS(contract_id, report_id) values(16, 4)
insert REPORT_MAKERS(contract_id, report_id) values(17, 4)
insert REPORT_MAKERS(contract_id, report_id) values(18, 4)
insert REPORT_MAKERS(contract_id, report_id) values(19, 4)
insert REPORT_MAKERS(contract_id, report_id) values(20, 4)
insert REPORT_MAKERS(contract_id, report_id) values(11, 5)
insert REPORT_MAKERS(contract_id, report_id) values(12, 5)
insert REPORT_MAKERS(contract_id, report_id) values(13, 5)
insert REPORT_MAKERS(contract_id, report_id) values(14, 5)
insert REPORT_MAKERS(contract_id, report_id) values(15, 5)
insert REPORT_MAKERS(contract_id, report_id) values(31, 6)
insert REPORT_MAKERS(contract_id, report_id) values(32, 6)
insert REPORT_MAKERS(contract_id, report_id) values(33, 6)
insert REPORT_MAKERS(contract_id, report_id) values(34, 6)
insert REPORT_MAKERS(contract_id, report_id) values(35, 6)
insert REPORT_MAKERS(contract_id, report_id) values(1, 7)
insert REPORT_MAKERS(contract_id, report_id) values(2, 7)
insert REPORT_MAKERS(contract_id, report_id) values(3, 7)
insert REPORT_MAKERS(contract_id, report_id) values(4, 7)
insert REPORT_MAKERS(contract_id, report_id) values(5, 7)
insert REPORT_MAKERS(contract_id, report_id) values(31, 8)
insert REPORT_MAKERS(contract_id, report_id) values(32, 8)
insert REPORT_MAKERS(contract_id, report_id) values(33, 8)
insert REPORT_MAKERS(contract_id, report_id) values(34, 8)
insert REPORT_MAKERS(contract_id, report_id) values(35, 8)
insert REPORT_MAKERS(contract_id, report_id) values(16, 9)
insert REPORT_MAKERS(contract_id, report_id) values(17, 9)
insert REPORT_MAKERS(contract_id, report_id) values(18, 9)
insert REPORT_MAKERS(contract_id, report_id) values(19, 9)
insert REPORT_MAKERS(contract_id, report_id) values(20, 9)
insert REPORT_MAKERS(contract_id, report_id) values(21, 10)
insert REPORT_MAKERS(contract_id, report_id) values(22, 10)
insert REPORT_MAKERS(contract_id, report_id) values(23, 10)
insert REPORT_MAKERS(contract_id, report_id) values(24, 10)
insert REPORT_MAKERS(contract_id, report_id) values(25, 10)
insert REPORT_MAKERS(contract_id, report_id) values(26, 11)
insert REPORT_MAKERS(contract_id, report_id) values(27, 11)
insert REPORT_MAKERS(contract_id, report_id) values(28, 11)
insert REPORT_MAKERS(contract_id, report_id) values(29, 11)
insert REPORT_MAKERS(contract_id, report_id) values(30, 11)
insert REPORT_MAKERS(contract_id, report_id) values(41, 12)
insert REPORT_MAKERS(contract_id, report_id) values(42, 12)
insert REPORT_MAKERS(contract_id, report_id) values(43, 12)
insert REPORT_MAKERS(contract_id, report_id) values(44, 12)
insert REPORT_MAKERS(contract_id, report_id) values(45, 12)
insert REPORT_MAKERS(contract_id, report_id) values(35, 13)
insert REPORT_MAKERS(contract_id, report_id) values(41, 14)
insert REPORT_MAKERS(contract_id, report_id) values(31, 13)
insert REPORT_MAKERS(contract_id, report_id) values(32, 13)
insert REPORT_MAKERS(contract_id, report_id) values(33, 13)
insert REPORT_MAKERS(contract_id, report_id) values(34, 13)
insert REPORT_MAKERS(contract_id, report_id) values(42, 14)
insert REPORT_MAKERS(contract_id, report_id) values(43, 14)
insert REPORT_MAKERS(contract_id, report_id) values(44, 14)
insert REPORT_MAKERS(contract_id, report_id) values(17, 15) 
insert REPORT_MAKERS(contract_id, report_id) values(18, 15)
insert REPORT_MAKERS(contract_id, report_id) values(45, 14)
insert REPORT_MAKERS(contract_id, report_id) values(16, 15)
insert REPORT_MAKERS(contract_id, report_id) values(19, 15)
insert REPORT_MAKERS(contract_id, report_id) values(20, 15)
insert REPORT_MAKERS(contract_id, report_id) values(46, 16)
insert REPORT_MAKERS(contract_id, report_id) values(47, 16)
insert REPORT_MAKERS(contract_id, report_id) values(48, 16)
insert REPORT_MAKERS(contract_id, report_id) values(49, 17)
insert REPORT_MAKERS(contract_id, report_id) values(50, 17)
insert REPORT_MAKERS(contract_id, report_id) values(1, 18)
insert REPORT_MAKERS(contract_id, report_id) values(2, 18)
insert REPORT_MAKERS(contract_id, report_id) values(3, 18)
insert REPORT_MAKERS(contract_id, report_id) values(4, 18)
insert REPORT_MAKERS(contract_id, report_id) values(5, 18)
insert REPORT_MAKERS(contract_id, report_id) values(36, 19)
insert REPORT_MAKERS(contract_id, report_id) values(37, 19)
insert REPORT_MAKERS(contract_id, report_id) values(38, 19)
insert REPORT_MAKERS(contract_id, report_id) values(39, 19)
insert REPORT_MAKERS(contract_id, report_id) values(40, 19)
insert REPORT_MAKERS(contract_id, report_id) values(46, 20)
insert REPORT_MAKERS(contract_id, report_id) values(47, 20)
insert REPORT_MAKERS(contract_id, report_id) values(48, 20)
insert REPORT_MAKERS(contract_id, report_id) values(49, 20)
insert REPORT_MAKERS(contract_id, report_id) values(50, 20)
